{"shape": [4], "data_type": "int16", "chunk_grid": {"name": "regular", "configuration": {"chunk_shape": [2]}}, "chunk_key_encoding": {"name": "default", "configuration": {"separator": "/"}}, "fill_value": 0, "codecs": [{"name": "bytes", "configuration": {"endian": "little"}}, {"name": "blosc", "configuration": {"typesize": 4, "cname": "zstd", "clevel": 5, "shuffle": "noshuffle", "blocksize": 0}}], "attributes": {}, "zarr_format": 3, "node_type": "array", "storage_transformers": [], "dimension_names": null}