{
  "shape": [
    4
  ],
  "data_type": "string",
  "chunk_grid": {
    "name": "regular",
    "configuration": {
      "chunk_shape": [
        4
      ]
    }
  },
  "chunk_key_encoding": {
    "name": "default",
    "configuration": {
      "separator": "/"
    }
  },
  "fill_value": "",
  "codecs": [
    {
      "name": "vlen-utf8",
      "configuration": {}
    },
    {
      "name": "zstd",
      "configuration": {
        "level": 0,
        "checksum": false
      }
    }
  ],
  "attributes": {},
  "zarr_format": 3,
  "node_type": "array",
  "storage_transformers": []
}