{
  "shape": [
    3,
    3,
    3
  ],
  "data_type": "int16",
  "chunk_grid": {
    "name": "regular",
    "configuration": {
      "chunk_shape": [
        3,
        3,
        3
      ]
    }
  },
  "chunk_key_encoding": {
    "name": "default",
    "configuration": {
      "separator": "/"
    }
  },
  "fill_value": 0,
  "codecs": [
    {
      "name": "sharding_indexed",
      "configuration": {
        "chunk_shape": [
          3,
          3,
          3
        ],
        "codecs": [
          {
            "name": "bytes",
            "configuration": {
              "endian": "little"
            }
          },
          {
            "name": "gzip",
            "configuration": {
              "level": 5
            }
          }
        ],
        "index_codecs": [
          {
            "name": "bytes",
            "configuration": {
              "endian": "little"
            }
          },
          {
            "name": "crc32c"
          }
        ],
        "index_location": "end"
      }
    }
  ],
  "attributes": {},
  "zarr_format": 3,
  "node_type": "array",
  "storage_transformers": []
}